[
{"name":"CAFE COFFEE DAY","address":"Anna nagar","price":2,"rating":3,"description":"Coffee Day Rating-good","src":"images/im1.jpg"},
{"name":"STAR BUCKS","address":"K k nagar","price":3,"rating":3,"description":"Star Bucks Rating-good","src":"images/im2.jpg"}, 
{"name":"COFFEE HOUSE","address":"Ashok nagar","price":3,"rating":2,"description":"Coffee House Rating-average","src":"images/im3.jpg"},
{ "name":"MOCHA","address":"Adyar","price":4,"rating":1,"description":"Mocha Adyar Rating-poor","src":"images/im4.jpg"}
]


