 	[{
		"question":"The href attribute in the link tag specifices the:",
		"options":["Destination of the link","Link","Hypertext","All"],
		"answer":"Destination of the link"
	},
	{
		"question":"An HTML file written in notepad can be saved with an extension:",
		"options":["htm","html","Any of the above","All of the above"],
		"answer":"Any of the above"
	}
	,
	{
		"question":"HTML Form Events ______ fires the moment that the element loses focus",
		"options":["onblur","onfocus","onchange","onlostfocus"],
		"answer":"onblur"
	},
	{
		"question":"Which of the tag below are used for a multi-line text input control?",
		"options":["textml tag","text tag","textarea tag","Both b and c"],
		"answer":"textarea tag"
	},
	{
		"question":"Text/Html is called the _______ of the page",
		"options":["content type","MIME type","content type/MIME type","none"],
		"answer":"content type/MIME type"
	}
	]